file_url,title
https://firstlook.org/theintercept/document/2014/12/13/gchq-belgacom-connections/,GCHQ – Belgacom connections
https://firstlook.org/theintercept/document/2014/12/13/hopscotch/,Hopscotch
https://firstlook.org/theintercept/document/2014/12/13/gchq-nac-review-january-march-2012/,GCHQ NAC review – January to March (2012)
https://firstlook.org/theintercept/document/2014/12/13/gchq-nac-review-july-september-2011/,GCHQ NAC review – July to September (2011)
https://firstlook.org/theintercept/document/2014/12/13/gchq-nac-review-april-june-2011/,GCHQ NAC review – April to June (2011)
https://firstlook.org/theintercept/document/2014/12/13/gchq-nac-business-review-january-march-2011/,GCHQ NAC review – January to March (2011)
https://firstlook.org/theintercept/document/2014/12/13/gchq-nac-review-october-december-2011/,GCHQ NAC review – October to December (2011)
https://firstlook.org/theintercept/document/2014/12/13/gchq-stargate-cne-requirements/,GCHQ  – Stargate CNE requirements
https://firstlook.org/theintercept/document/2014/12/13/gchq-making-network-sense-encryption-problem-2011/,GCHQ – Making network sense of the encryption problem (2011)
https://firstlook.org/theintercept/document/2014/12/13/gchq-mobile-networks-noc-world/,GCHQ – Mobile Networks in My NOC World (2011)
https://firstlook.org/theintercept/document/2014/12/13/gchq-automated-noc-detection-2011/,GCHQ – Automated NOC detection (2011)
https://firstlook.org/theintercept/document/2014/12/09/committee-study-central-intelligence-agencys-detention-interrogation-program/,Committee Study of the Central Intelligence Agency’s Detention and Interrogation Program
https://firstlook.org/theintercept/document/2014/12/04/nsa-gchq-csec-network-tradecraft-advancement-team/,NSA/GCHQ/CSEC Network Tradecraft Advancement Team (2010)
https://firstlook.org/theintercept/document/2014/12/04/auroragold-project-overview/,AURORAGOLD project overview (2011)
https://firstlook.org/theintercept/document/2014/12/04/opulent-pup-encryption-attack/,OPULENT PUP encryption attack
https://firstlook.org/theintercept/document/2014/12/04/wolframite-encryption-attack/,WOLFRAMITE encryption attack
https://firstlook.org/theintercept/document/2014/12/04/auroragold-working-aid/,AURORAGOLD working aid
https://firstlook.org/theintercept/document/2014/12/04/first-ever-collect-high-interest-4g-cellular-signal/,NSA First-Ever Collect of High-Interest 4G Cellular Signal
https://firstlook.org/theintercept/document/2014/12/04/ir-21-technology-warning-mechanism/,IR.21 – A Technology Warning Mechanism
https://firstlook.org/theintercept/document/2014/12/04/auroragold-target-technology-trends-center-support-wpmo/,AURORAGOLD – Target Technology Trends Center support to WPMO (2011)
https://firstlook.org/theintercept/document/2014/12/04/auroragold-working-group/,AURORAGOLD Working Group
https://firstlook.org/theintercept/document/2014/10/30/hacking-team-rcs-9-1-changelog/,Hacking Team RCS 9.1 Changelog
https://firstlook.org/theintercept/document/2014/10/30/hacking-team-rcs-9-0-changelog/,Hacking Team RCS 9.0 Changelog
https://firstlook.org/theintercept/document/2014/10/30/hacking-team-rcs-invisibility-report/,Hacking Team RCS Invisibility Report
https://firstlook.org/theintercept/document/2014/10/30/hacking-team-rcs-9-system-administrators-guide/,Hacking Team RCS 9 System Administrator’s Guide
https://firstlook.org/theintercept/document/2014/10/30/hacking-team-rcs-9-technicians-guide/,Hacking Team RCS 9 Technician’s Guide
https://firstlook.org/theintercept/document/2014/10/30/hacking-team-rcs-9-administrators-guide/,Hacking Team RCS 9 Administrator’s Guide
https://firstlook.org/theintercept/document/2014/10/30/hacking-team-rcs-9-analysts-guide/,Hacking Team RCS 9 Analyst’s Guide
https://firstlook.org/theintercept/document/2014/10/15/affidavit-richard-holcomb/,Affidavit of Richard Holcomb
https://firstlook.org/theintercept/document/2014/10/15/indictment-u-s-vs-hall-landersman-%ef%bb%bf/,Indictment in U.S. vs. Hall and Landersman
https://firstlook.org/theintercept/document/2014/10/15/un-report-human-rights-terrorism/,UN Report on Human Rights and Terrorism
https://firstlook.org/theintercept/document/2014/10/10/cno-security-framework/,CNO Security Framework
https://firstlook.org/theintercept/document/2014/10/10/cno-core-secrets/,CNO Core Secrets Slide Slices
https://firstlook.org/theintercept/document/2014/10/10/eci-control-authorities/,Exceptionally Controlled Information Compartments
https://firstlook.org/theintercept/document/2014/10/10/nsa-classification-guide-eci-pawleys/,NSA Classification Guide for ECI Pawleys
https://firstlook.org/theintercept/document/2014/10/10/national-initiative-protection-program-sentry-eagle/,National Initiative Protection Program — Sentry Eagle
https://firstlook.org/theintercept/document/2014/10/10/target-exploitation-classification-guide/,Target Exploitation Classification Guide
https://firstlook.org/theintercept/document/2014/10/10/eci-whipgenie-classification-guide/,ECI WHIPGENIE Classification Guide
https://firstlook.org/theintercept/document/2014/10/10/cno-core-secrets-security-structure/,CNO Core Secrets Security Structure
https://firstlook.org/theintercept/document/2014/10/10/nsa-exceptionally-controlled-information-listing-12-september-2003/,"NSA Exceptionally Controlled Information Listing, 12 September 2003"
https://firstlook.org/theintercept/document/2014/10/10/cno-core-secrets-2/,CNO Core Secrets
https://firstlook.org/theintercept/document/2014/10/10/computer-network-exploitation-classification-guide/,Computer Network Exploitation Classification Guide
https://firstlook.org/theintercept/document/2014/10/03/opinion-unsealing-video-force-feeding-guantanamo/,Opinion Unsealing Video of Force-Feeding at Guantanamo
https://firstlook.org/theintercept/document/2014/10/02/opinion-motion-close-dhiab-force-feeding-case/,Opinion on Motion To Close Dhiab Force-Feeding Case
https://firstlook.org/theintercept/document/2014/10/02/department-justice-prosecutive-summary-nsa-cia-criminal-activities/,Department of Justice Prosecutive Summary into NSA and CIA Criminal Activities
https://firstlook.org/theintercept/document/2014/10/02/report-inquiry-cia-related-electronic-surveillance-activities/,Report on Inquiry Into CIA Related Electronic Surveillance Activities
https://firstlook.org/theintercept/document/2014/09/15/new-zealand-visit-precis/,New Zealand Visit Precis
https://firstlook.org/theintercept/document/2014/09/14/gchq-attack-stellar-pcs/,GCHQ Attack on Stellar PCS
https://firstlook.org/theintercept/document/2014/09/14/treasure-map-announcement/,Treasure Map Announcement
https://firstlook.org/theintercept/document/2014/09/14/treasure-map-presentation/,Treasure Map Presentation
https://firstlook.org/theintercept/document/2014/09/05/quadrennial-intelligence-review-final-report-2009/,"Quadrennial Intelligence Review Final Report, 2009"
https://firstlook.org/theintercept/document/2014/09/04/email-correspondence-reporters-cia-flacks/,Email Correspondence Between Reporters and CIA Flacks
https://firstlook.org/theintercept/document/2014/08/31/gchq-surveillance-summary/,GCHQ Surveillance Summary
https://firstlook.org/theintercept/document/2014/08/31/gchq-surveillance-summary-2/,GCHQ Surveillance Summary
https://firstlook.org/theintercept/document/2014/08/31/turkey-g20-pre-meeting-london-september-2-5-2009/,"Turkey at the G20 Pre-Meeting in London, September 2-5, 2009"
https://firstlook.org/theintercept/document/2014/08/31/turkey-energy-company-development/,Turkey Energy Company Development
https://firstlook.org/theintercept/document/2014/08/31/kurdistan-regional-government/,Kurdistan Regional Government
https://firstlook.org/theintercept/document/2014/08/31/turkey-kurds/,Turkey and the Kurds
https://firstlook.org/theintercept/document/2014/08/31/collaboration-overdrive-cne-success/,Collaboration in Overdrive: A CNE Success
https://firstlook.org/theintercept/document/2014/08/31/turkey-pkk/,Turkey and the PKK
https://firstlook.org/theintercept/document/2014/08/31/foreign-relations-mission-titles/,Foreign Relations Mission Titles
https://firstlook.org/theintercept/document/2014/08/31/seminar-turkish-presidential-parliamentary-elections/,Seminar: Turkish Presidential and Parliamentary Elections
https://firstlook.org/theintercept/document/2014/08/31/information-paper-nsa-intelligence-relationship-turkey/,Information Paper- NSA Intelligence Relationship With Turkey
https://firstlook.org/theintercept/document/2014/08/31/nsas-oldest-third-party-sigint-relationship/,NSA’s Oldest Third Party SIGINT Relationship
https://firstlook.org/theintercept/document/2014/08/30/strategic-intelligence-issue-seminars-turkey/,Strategic Intelligence Issue Seminars- Turkey
https://firstlook.org/theintercept/document/2014/08/30/turkeynsa-meeting-agenda/,Turkey/NSA Meeting Agenda
https://firstlook.org/theintercept/document/2014/08/25/icreach-wholesale-sharing-2007/,ICREACH Wholesale Sharing (2007)
https://firstlook.org/theintercept/document/2014/08/25/black-budget-extracts/,Black Budget Extracts
https://firstlook.org/theintercept/document/2014/08/25/sharing-sigint-metadata-icreach/,Sharing SIGINT metadata on ICREACH
https://firstlook.org/theintercept/document/2014/08/25/crisscross-proton-point-paper/,CRISSCROSS/PROTON Point Paper
https://firstlook.org/theintercept/document/2014/08/25/metadata-sharing-memorandum-2005/,Metadata Sharing Memorandum (2005)
https://firstlook.org/theintercept/document/2014/08/25/decision-memorandum-dni-icreach/,Decision Memorandum for the DNI on ICREACH
https://firstlook.org/theintercept/document/2014/08/25/sharing-communications-metadata-across-u-s-intelligence-community/,Sharing Communications Metadata Across the U.S. Intelligence Community
https://firstlook.org/theintercept/document/2014/08/25/cia-colleagues-enthusiastically-welcome-nsa-training/,CIA Colleagues Enthusiastically Welcome NSA Training
https://firstlook.org/theintercept/document/2014/08/25/metadata-policy-conference/,Metadata Policy Conference (2008)
https://firstlook.org/theintercept/document/2014/08/12/gchq-covert-mobile-phones-policy/,GCHQ Covert Mobile Phones Policy
https://firstlook.org/theintercept/document/2014/08/05/directorate-terrorist-identities-dti-strategic-accomplishments-2013/,Directorate of Terrorist Identities (DTI) Strategic Accomplishments 2013
https://firstlook.org/theintercept/document/2014/08/03/nsa-intelligence-relationship-israel/,NSA Intelligence Relationship with Israel
https://firstlook.org/theintercept/document/2014/08/03/israel-us-1999-agreement/,Israel-US 1999 Agreement
https://firstlook.org/theintercept/document/2014/07/25/saudi-arabia-information-paper/,Saudi Arabia Information Paper
https://firstlook.org/theintercept/document/2014/07/23/march-2013-watchlisting-guidance/,March 2013 Watchlisting Guidance
https://firstlook.org/theintercept/document/2014/07/14/jtrig-tools-techniques/,JTRIG Tools and Techniques
https://firstlook.org/theintercept/document/2014/07/08/fisa-dataflow/,FISA dataflow
https://firstlook.org/theintercept/document/2014/05/19/somalget-memo/,SOMALGET
https://firstlook.org/theintercept/document/2014/05/19/sso-may-2-2013/,"SSO May 2, 2013"
https://firstlook.org/theintercept/document/2014/05/19/sso-may-3-2013-mystic/,"SSO May 3, 2013 – MYSTIC"
https://firstlook.org/theintercept/document/2014/05/19/sso-may-3-2012/,"SSO May 3, 2012"
https://firstlook.org/theintercept/document/2014/05/19/sso-march-14-2013/,"SSO March 14, 2013"
https://firstlook.org/theintercept/document/2014/05/19/sso-april-18-2013-whats-new/,"SSO April 18, 2013 – What’s New"
https://firstlook.org/theintercept/document/2014/05/19/black-budget/,Black Budget
https://firstlook.org/theintercept/document/2014/05/19/sidtoday-dea-warfighter/,SIDToday: DEA – The “Other” Warfighter
https://firstlook.org/theintercept/document/2014/05/19/sso-dictionary-excerpt/,SSO Dictionary Excerpt
https://firstlook.org/theintercept/document/2014/05/19/mystic/,MYSTIC
https://firstlook.org/theintercept/document/2014/04/30/lobban-nsa-visit-precis/,Lobban NSA Visit Précis
https://firstlook.org/theintercept/document/2014/04/30/prism-olympic-option/,PRISM Olympic Option
https://firstlook.org/theintercept/document/2014/04/30/ghostmachine-identifier-lead-triage-echobase/,GHOSTMACHINE: Identifier Lead Triage with ECHOBASE
https://firstlook.org/theintercept/document/2014/04/04/2009-sigdev-conference/,2009 SigDev Conference
https://firstlook.org/theintercept/document/2014/04/04/full-spectrum-cyber-effects/,Full-Spectrum Cyber Effects
https://firstlook.org/theintercept/document/2014/03/20/hunt-sys-admins/,I Hunt Sys Admins
https://firstlook.org/theintercept/document/2014/03/17/nsa-secretly-masqueraded-facebook-hack-computers-surveillance/,Video: How the NSA Secretly Masqueraded as Facebook to Hack Computers for Surveillance
https://firstlook.org/theintercept/document/2014/03/13/third-party-relationships/,Third Party Relationships
https://firstlook.org/theintercept/document/2014/03/12/industrial-scale-exploitation/,Industrial-Scale Exploitation
https://firstlook.org/theintercept/document/2014/03/12/vpn-voip-exploitation-hammerchant-hammerstein/,VPN and VOIP Exploitation With HAMMERCHANT and HAMMERSTEIN
https://firstlook.org/theintercept/document/2014/03/12/turbine-turmoil/,TURBINE and TURMOIL
https://firstlook.org/theintercept/document/2014/03/12/nsa-gchqs-quantumtheory-hacking-tactics/,The NSA and GCHQ’s QUANTUMTHEORY Hacking Tactics
https://firstlook.org/theintercept/document/2014/03/12/quantum-insert-diagrams/,Quantum Insert Diagrams
https://firstlook.org/theintercept/document/2014/03/12/nsa-phishing-tactics-man-middle-attacks/,NSA Phishing Tactics and Man in the Middle Attacks
https://firstlook.org/theintercept/document/2014/03/12/one-way-quantum/,There Is More Than One Way to Quantum
https://firstlook.org/theintercept/document/2014/03/12/selector-types/,Selector Types
https://firstlook.org/theintercept/document/2014/03/12/nsa-technology-directorate-analysis-converged-data/,NSA Technology Directorate Analysis of Converged Data
https://firstlook.org/theintercept/document/2014/03/12/five-eyes-hacking-large-routers/,Five Eyes Hacking Large Routers
https://firstlook.org/theintercept/document/2014/03/12/menwith-hill-station-leverages-xkeyscore-quantum-yahoo-hotmail/,Menwith Hill Station Leverages XKeyscore for Quantum Against Yahoo and Hotmail
https://firstlook.org/theintercept/document/2014/03/12/thousands-implants/,Thousands of Implants
https://firstlook.org/theintercept/document/2014/03/07/an-interview-with-zelda/,An Interview with Zelda
https://firstlook.org/theintercept/document/2014/03/07/guilty-proven-innocent/,Guilty Until Proven Innocent
https://firstlook.org/theintercept/document/2014/03/07/bain-de-soleil-bane-nsa/,Is Bain De Soleil a Bane on NSA?
https://firstlook.org/theintercept/document/2014/03/07/silenced-sid/,Silenced in SID
https://firstlook.org/theintercept/document/2014/02/24/art-deception-training-new-generation-online-covert-operations/,The Art of Deception: Training for a New Generation of Online Covert Operations
https://firstlook.org/theintercept/document/2014/02/18/psychology-new-kind-sigdev/,Psychology: A New Kind of SIGDEV
https://firstlook.org/theintercept/document/2014/02/18/discovery-sigint-targeting-scenarios-compliance/,Discovery SIGINT Targeting Scenarios and Compliance
